"STATION","NAME","DATE","PRCP"
"US1MAMD0044","MEDFORD 1.2 W, MA US","2017-01-01","0.18"
"US1MAMD0044","MEDFORD 1.2 W, MA US","2017-01-02","0.00"
"US1MAMD0044","MEDFORD 1.2 W, MA US","2017-01-03","0.02"
"US1MAMD0044","MEDFORD 1.2 W, MA US","2017-01-04","0.82"
"US1MAMD0044","MEDFORD 1.2 W, MA US","2017-01-05","0.02"
"US1MAMD0044","MEDFORD 1.2 W, MA US","2017-01-06","0.00"
"US1MAMD0044","MEDFORD 1.2 W, MA US","2017-01-07","0.05"
"US1MAMD0044","MEDFORD 1.2 W, MA US","2017-01-08","0.44"
"US1MAMD0044","MEDFORD 1.2 W, MA US","2017-01-09","0.00"
"US1MAMD0044","MEDFORD 1.2 W, MA US","2017-01-10","0.00"
"US1MAMD0044","MEDFORD 1.2 W, MA US","2017-01-11","0.20"
"US1MAMD0044","MEDFORD 1.2 W, MA US","2017-01-12","0.10"
"US1MAMD0044","MEDFORD 1.2 W, MA US","2017-01-13","0.02"
"US1MAMD0044","MEDFORD 1.2 W, MA US","2017-01-14","0.00"
"US1MAMD0044","MEDFORD 1.2 W, MA US","2017-01-15","0.00"
"US1MAMD0044","MEDFORD 1.2 W, MA US","2017-01-16","0.00"
"US1MAMD0044","MEDFORD 1.2 W, MA US","2017-01-17","0.00"
"US1MAMD0044","MEDFORD 1.2 W, MA US","2017-01-18","0.57"
"US1MAMD0044","MEDFORD 1.2 W, MA US","2017-01-19","0.17"
"US1MAMD0044","MEDFORD 1.2 W, MA US","2017-01-20","0.00"
"US1MAMD0044","MEDFORD 1.2 W, MA US","2017-01-21","0.00"
"US1MAMD0044","MEDFORD 1.2 W, MA US","2017-01-22","0.00"
"US1MAMD0044","MEDFORD 1.2 W, MA US","2017-01-23","0.07"
"US1MAMD0044","MEDFORD 1.2 W, MA US","2017-01-24","1.16"
"US1MAMD0044","MEDFORD 1.2 W, MA US","2017-01-25","0.34"
"US1MAMD0044","MEDFORD 1.2 W, MA US","2017-01-26","0.00"
"US1MAMD0044","MEDFORD 1.2 W, MA US","2017-01-27","0.02"
"US1MAMD0044","MEDFORD 1.2 W, MA US","2017-01-28","0.00"
"US1MAMD0044","MEDFORD 1.2 W, MA US","2017-01-29","0.00"
"US1MAMD0044","MEDFORD 1.2 W, MA US","2017-01-30","0.00"
"US1MAMD0044","MEDFORD 1.2 W, MA US","2017-01-31","0.00"
"US1MAMD0044","MEDFORD 1.2 W, MA US","2017-02-01","0.10"
"US1MAMD0044","MEDFORD 1.2 W, MA US","2017-02-02","0.00"
"US1MAMD0044","MEDFORD 1.2 W, MA US","2017-02-03","0.00"
"US1MAMD0044","MEDFORD 1.2 W, MA US","2017-02-04","0.00"
"US1MAMD0044","MEDFORD 1.2 W, MA US","2017-02-05","0.00"
"US1MAMD0044","MEDFORD 1.2 W, MA US","2017-02-06","0.00"
"US1MAMD0044","MEDFORD 1.2 W, MA US","2017-02-07","0.00"
"US1MAMD0044","MEDFORD 1.2 W, MA US","2017-02-08","0.66"
"US1MAMD0044","MEDFORD 1.2 W, MA US","2017-02-09","0.00"
"US1MAMD0044","MEDFORD 1.2 W, MA US","2017-02-10","0.90"
"US1MAMD0044","MEDFORD 1.2 W, MA US","2017-02-11","0.22"
"US1MAMD0044","MEDFORD 1.2 W, MA US","2017-02-12","0.02"
"US1MAMD0044","MEDFORD 1.2 W, MA US","2017-02-13","0.97"
"US1MAMD0044","MEDFORD 1.2 W, MA US","2017-02-14","0.03"
"US1MAMD0044","MEDFORD 1.2 W, MA US","2017-02-15","0.00"
"US1MAMD0044","MEDFORD 1.2 W, MA US","2017-02-16","0.24"
"US1MAMD0044","MEDFORD 1.2 W, MA US","2017-02-17","0.00"
"US1MAMD0044","MEDFORD 1.2 W, MA US","2017-02-18","0.00"
"US1MAMD0044","MEDFORD 1.2 W, MA US","2017-02-19","0.00"
"US1MAMD0044","MEDFORD 1.2 W, MA US","2017-02-20","0.00"
"US1MAMD0044","MEDFORD 1.2 W, MA US","2017-02-21","0.00"
"US1MAMD0044","MEDFORD 1.2 W, MA US","2017-02-22","0.00"
"US1MAMD0044","MEDFORD 1.2 W, MA US","2017-02-23","0.00"
"US1MAMD0044","MEDFORD 1.2 W, MA US","2017-02-24","0.00"
"US1MAMD0044","MEDFORD 1.2 W, MA US","2017-02-25","0.01"
"US1MAMD0044","MEDFORD 1.2 W, MA US","2017-02-26","0.25"
"US1MAMD0044","MEDFORD 1.2 W, MA US","2017-02-27","0.00"
"US1MAMD0044","MEDFORD 1.2 W, MA US","2017-02-28","0.00"
"US1MAMD0044","MEDFORD 1.2 W, MA US","2017-03-01","0.00"
"US1MAMD0044","MEDFORD 1.2 W, MA US","2017-03-02","0.00"
"US1MAMD0044","MEDFORD 1.2 W, MA US","2017-03-03","0.00"
"US1MAMD0044","MEDFORD 1.2 W, MA US","2017-03-04","0.00"
"US1MAMD0044","MEDFORD 1.2 W, MA US","2017-03-05","0.00"
"US1MAMD0044","MEDFORD 1.2 W, MA US","2017-03-06","0.00"
"US1MAMD0044","MEDFORD 1.2 W, MA US","2017-03-07","0.00"
"US1MAMD0044","MEDFORD 1.2 W, MA US","2017-03-08","0.05"
"US1MAMD0044","MEDFORD 1.2 W, MA US","2017-03-09","0.00"
"US1MAMD0044","MEDFORD 1.2 W, MA US","2017-03-10","0.00"
"US1MAMD0044","MEDFORD 1.2 W, MA US","2017-03-11","0.28"
"US1MAMD0044","MEDFORD 1.2 W, MA US","2017-03-12","0.00"
"US1MAMD0044","MEDFORD 1.2 W, MA US","2017-03-13","0.00"
"US1MAMD0044","MEDFORD 1.2 W, MA US","2017-03-14","0.00"
"US1MAMD0044","MEDFORD 1.2 W, MA US","2017-03-15","1.67"
"US1MAMD0044","MEDFORD 1.2 W, MA US","2017-03-16","0.00"
"US1MAMD0044","MEDFORD 1.2 W, MA US","2017-03-17","0.00"
"US1MAMD0044","MEDFORD 1.2 W, MA US","2017-03-18","0.00"
"US1MAMD0044","MEDFORD 1.2 W, MA US","2017-03-19","0.00"
"US1MAMD0044","MEDFORD 1.2 W, MA US","2017-03-20","0.00"
"US1MAMD0044","MEDFORD 1.2 W, MA US","2017-03-21","0.00"
"US1MAMD0044","MEDFORD 1.2 W, MA US","2017-03-22","0.00"
"US1MAMD0044","MEDFORD 1.2 W, MA US","2017-03-23","0.00"
"US1MAMD0044","MEDFORD 1.2 W, MA US","2017-03-24","0.00"
"US1MAMD0044","MEDFORD 1.2 W, MA US","2017-03-25","0.02"
"US1MAMD0044","MEDFORD 1.2 W, MA US","2017-03-26","0.06"
"US1MAMD0044","MEDFORD 1.2 W, MA US","2017-03-27","0.00"
"US1MAMD0044","MEDFORD 1.2 W, MA US","2017-03-28","0.53"
"US1MAMD0044","MEDFORD 1.2 W, MA US","2017-03-29","0.76"
"US1MAMD0044","MEDFORD 1.2 W, MA US","2017-03-30","0.02"
"US1MAMD0044","MEDFORD 1.2 W, MA US","2017-03-31","0.00"
"US1MAMD0044","MEDFORD 1.2 W, MA US","2017-04-05","0.92"
"US1MAMD0044","MEDFORD 1.2 W, MA US","2017-04-06","0.00"
"US1MAMD0044","MEDFORD 1.2 W, MA US","2017-04-07","1.21"
"US1MAMD0044","MEDFORD 1.2 W, MA US","2017-04-08","0.00"
"US1MAMD0044","MEDFORD 1.2 W, MA US","2017-04-09","0.00"
"US1MAMD0044","MEDFORD 1.2 W, MA US","2017-04-10","0.00"
"US1MAMD0044","MEDFORD 1.2 W, MA US","2017-04-11","0.00"
"US1MAMD0044","MEDFORD 1.2 W, MA US","2017-04-12","0.00"
"US1MAMD0044","MEDFORD 1.2 W, MA US","2017-04-13","0.09"
"US1MAMD0044","MEDFORD 1.2 W, MA US","2017-04-14","0.00"
"US1MAMD0044","MEDFORD 1.2 W, MA US","2017-04-15","0.00"
"US1MAMD0044","MEDFORD 1.2 W, MA US","2017-04-16","0.00"
"US1MAMD0044","MEDFORD 1.2 W, MA US","2017-04-17","0.00"
"US1MAMD0044","MEDFORD 1.2 W, MA US","2017-04-18","0.00"
"US1MAMD0044","MEDFORD 1.2 W, MA US","2017-04-19","0.00"
"US1MAMD0044","MEDFORD 1.2 W, MA US","2017-04-20","0.08"
"US1MAMD0044","MEDFORD 1.2 W, MA US","2017-04-21","0.05"
"US1MAMD0044","MEDFORD 1.2 W, MA US","2017-04-22","0.53"
"US1MAMD0044","MEDFORD 1.2 W, MA US","2017-04-23","0.05"
"US1MAMD0044","MEDFORD 1.2 W, MA US","2017-04-24","0.00"
"US1MAMD0044","MEDFORD 1.2 W, MA US","2017-04-25","0.00"
"US1MAMD0044","MEDFORD 1.2 W, MA US","2017-04-26","1.45"
"US1MAMD0044","MEDFORD 1.2 W, MA US","2017-04-27","0.23"
"US1MAMD0044","MEDFORD 1.2 W, MA US","2017-04-28","0.00"
"US1MAMD0044","MEDFORD 1.2 W, MA US","2017-04-29","0.01"
"US1MAMD0044","MEDFORD 1.2 W, MA US","2017-04-30","0.00"
"US1MAMD0044","MEDFORD 1.2 W, MA US","2017-05-01","0.10"
"US1MAMD0044","MEDFORD 1.2 W, MA US","2017-05-02","0.04"
"US1MAMD0044","MEDFORD 1.2 W, MA US","2017-05-03","0.20"
"US1MAMD0044","MEDFORD 1.2 W, MA US","2017-05-04","0.00"
"US1MAMD0044","MEDFORD 1.2 W, MA US","2017-05-05","0.00"
"US1MAMD0044","MEDFORD 1.2 W, MA US","2017-05-06","1.00"
"US1MAMD0044","MEDFORD 1.2 W, MA US","2017-05-07","0.10"
"US1MAMD0044","MEDFORD 1.2 W, MA US","2017-05-08","0.00"
"US1MAMD0044","MEDFORD 1.2 W, MA US","2017-05-09","0.00"
"US1MAMD0044","MEDFORD 1.2 W, MA US","2017-05-10","0.00"
"US1MAMD0044","MEDFORD 1.2 W, MA US","2017-05-11","0.00"
"US1MAMD0044","MEDFORD 1.2 W, MA US","2017-05-12","0.00"
"US1MAMD0044","MEDFORD 1.2 W, MA US","2017-05-13","0.02"
"US1MAMD0044","MEDFORD 1.2 W, MA US","2017-05-14","0.52"
"US1MAMD0044","MEDFORD 1.2 W, MA US","2017-05-15","0.69"
"US1MAMD0044","MEDFORD 1.2 W, MA US","2017-05-16","0.10"
"US1MAMD0044","MEDFORD 1.2 W, MA US","2017-05-17","0.00"
"US1MAMD0044","MEDFORD 1.2 W, MA US","2017-05-18","0.00"
"US1MAMD0044","MEDFORD 1.2 W, MA US","2017-05-19","0.25"
"US1MAMD0044","MEDFORD 1.2 W, MA US","2017-05-20","0.00"
"US1MAMD0044","MEDFORD 1.2 W, MA US","2017-05-25","0.00"
"US1MAMD0044","MEDFORD 1.2 W, MA US","2017-05-26","1.32"
"US1MAMD0044","MEDFORD 1.2 W, MA US","2017-05-27","0.12"
"US1MAMD0044","MEDFORD 1.2 W, MA US","2017-05-28","0.00"
"US1MAMD0044","MEDFORD 1.2 W, MA US","2017-05-29","0.00"
"US1MAMD0044","MEDFORD 1.2 W, MA US","2017-05-30","0.06"
"US1MAMD0044","MEDFORD 1.2 W, MA US","2017-05-31","0.00"
"US1MAMD0044","MEDFORD 1.2 W, MA US","2017-06-01","0.08"
"US1MAMD0044","MEDFORD 1.2 W, MA US","2017-06-02","0.00"
"US1MAMD0044","MEDFORD 1.2 W, MA US","2017-06-03","0.00"
"US1MAMD0044","MEDFORD 1.2 W, MA US","2017-06-04","0.00"
"US1MAMD0044","MEDFORD 1.2 W, MA US","2017-06-05","0.17"
"US1MAMD0044","MEDFORD 1.2 W, MA US","2017-06-06","0.83"
"US1MAMD0044","MEDFORD 1.2 W, MA US","2017-06-07","0.72"
"US1MAMD0044","MEDFORD 1.2 W, MA US","2017-06-08","0.01"
"US1MAMD0044","MEDFORD 1.2 W, MA US","2017-06-09","0.00"
"US1MAMD0044","MEDFORD 1.2 W, MA US","2017-06-10","0.00"
"US1MAMD0044","MEDFORD 1.2 W, MA US","2017-06-11","0.00"
"US1MAMD0044","MEDFORD 1.2 W, MA US","2017-06-12","0.00"
"US1MAMD0044","MEDFORD 1.2 W, MA US","2017-06-13","0.00"
"US1MAMD0044","MEDFORD 1.2 W, MA US","2017-06-14","0.17"
"US1MAMD0044","MEDFORD 1.2 W, MA US","2017-06-15","0.00"
"US1MAMD0044","MEDFORD 1.2 W, MA US","2017-06-16","0.00"
"US1MAMD0044","MEDFORD 1.2 W, MA US","2017-06-17","1.42"
"US1MAMD0044","MEDFORD 1.2 W, MA US","2017-06-18","0.00"
"US1MAMD0044","MEDFORD 1.2 W, MA US","2017-06-19","0.00"
"US1MAMD0044","MEDFORD 1.2 W, MA US","2017-06-20","0.07"
"US1MAMD0044","MEDFORD 1.2 W, MA US","2017-06-21","0.11"
"US1MAMD0044","MEDFORD 1.2 W, MA US","2017-06-22","0.00"
"US1MAMD0044","MEDFORD 1.2 W, MA US","2017-06-23","0.00"
"US1MAMD0044","MEDFORD 1.2 W, MA US","2017-06-24","0.05"
"US1MAMD0044","MEDFORD 1.2 W, MA US","2017-06-25","0.11"
"US1MAMD0044","MEDFORD 1.2 W, MA US","2017-06-26","0.06"
"US1MAMD0044","MEDFORD 1.2 W, MA US","2017-06-27","0.00"
"US1MAMD0044","MEDFORD 1.2 W, MA US","2017-06-28","0.64"
"US1MAMD0044","MEDFORD 1.2 W, MA US","2017-06-29","0.00"
"US1MAMD0044","MEDFORD 1.2 W, MA US","2017-06-30","0.00"
"US1MAMD0044","MEDFORD 1.2 W, MA US","2017-07-01","0.20"
"US1MAMD0044","MEDFORD 1.2 W, MA US","2017-07-02","0.01"
"US1MAMD0044","MEDFORD 1.2 W, MA US","2017-07-03","0.04"
"US1MAMD0044","MEDFORD 1.2 W, MA US","2017-07-04","0.00"
"US1MAMD0044","MEDFORD 1.2 W, MA US","2017-07-05","0.00"
"US1MAMD0044","MEDFORD 1.2 W, MA US","2017-07-06","0.00"
"US1MAMD0044","MEDFORD 1.2 W, MA US","2017-07-07","0.00"
"US1MAMD0044","MEDFORD 1.2 W, MA US","2017-07-08","0.57"
"US1MAMD0044","MEDFORD 1.2 W, MA US","2017-07-09","0.08"
"US1MAMD0044","MEDFORD 1.2 W, MA US","2017-07-10","0.00"
"US1MAMD0044","MEDFORD 1.2 W, MA US","2017-07-11","0.19"
"US1MAMD0044","MEDFORD 1.2 W, MA US","2017-07-12","0.26"
"US1MAMD0044","MEDFORD 1.2 W, MA US","2017-07-13","1.38"
"US1MAMD0044","MEDFORD 1.2 W, MA US","2017-07-14","0.10"
"US1MAMD0044","MEDFORD 1.2 W, MA US","2017-07-15","0.00"
"US1MAMD0044","MEDFORD 1.2 W, MA US","2017-07-16","0.00"
"US1MAMD0044","MEDFORD 1.2 W, MA US","2017-07-17","0.00"
"US1MAMD0044","MEDFORD 1.2 W, MA US","2017-07-18","0.00"
"US1MAMD0044","MEDFORD 1.2 W, MA US","2017-07-19","0.35"
"US1MAMD0044","MEDFORD 1.2 W, MA US","2017-07-20","0.00"
"US1MAMD0044","MEDFORD 1.2 W, MA US","2017-07-21","0.00"
"US1MAMD0044","MEDFORD 1.2 W, MA US","2017-07-22","0.00"
"US1MAMD0044","MEDFORD 1.2 W, MA US","2017-07-23","0.00"
"US1MAMD0044","MEDFORD 1.2 W, MA US","2017-07-24","0.00"
"US1MAMD0044","MEDFORD 1.2 W, MA US","2017-07-25","1.15"
"US1MAMD0044","MEDFORD 1.2 W, MA US","2017-07-26","0.01"
"US1MAMD0044","MEDFORD 1.2 W, MA US","2017-07-27","0.00"
"US1MAMD0044","MEDFORD 1.2 W, MA US","2017-07-28","0.07"
"US1MAMD0044","MEDFORD 1.2 W, MA US","2017-07-29","0.00"
"US1MAMD0044","MEDFORD 1.2 W, MA US","2017-07-30","0.00"
"US1MAMD0044","MEDFORD 1.2 W, MA US","2017-07-31","0.00"
"US1MAMD0044","MEDFORD 1.2 W, MA US","2017-08-01","0.00"
"US1MAMD0044","MEDFORD 1.2 W, MA US","2017-08-02","0.00"
"US1MAMD0044","MEDFORD 1.2 W, MA US","2017-08-03","0.22"
"US1MAMD0044","MEDFORD 1.2 W, MA US","2017-08-04","0.00"
"US1MAMD0044","MEDFORD 1.2 W, MA US","2017-08-05","0.00"
"US1MAMD0044","MEDFORD 1.2 W, MA US","2017-08-06","0.15"
"US1MAMD0044","MEDFORD 1.2 W, MA US","2017-08-07","0.00"
"US1MAMD0044","MEDFORD 1.2 W, MA US","2017-08-08","0.00"
"US1MAMD0044","MEDFORD 1.2 W, MA US","2017-08-09","0.00"
"US1MAMD0044","MEDFORD 1.2 W, MA US","2017-08-10","0.00"
"US1MAMD0044","MEDFORD 1.2 W, MA US","2017-08-11","0.00"
"US1MAMD0044","MEDFORD 1.2 W, MA US","2017-08-12","0.07"
"US1MAMD0044","MEDFORD 1.2 W, MA US","2017-08-13","0.04"
"US1MAMD0044","MEDFORD 1.2 W, MA US","2017-08-14","0.00"
"US1MAMD0044","MEDFORD 1.2 W, MA US","2017-08-15","0.00"
"US1MAMD0044","MEDFORD 1.2 W, MA US","2017-08-16","0.00"
"US1MAMD0044","MEDFORD 1.2 W, MA US","2017-08-17","0.00"
"US1MAMD0044","MEDFORD 1.2 W, MA US","2017-08-18","0.00"
"US1MAMD0044","MEDFORD 1.2 W, MA US","2017-08-19","0.01"
"US1MAMD0044","MEDFORD 1.2 W, MA US","2017-08-20","0.00"
"US1MAMD0044","MEDFORD 1.2 W, MA US","2017-08-21","0.00"
"US1MAMD0044","MEDFORD 1.2 W, MA US","2017-08-22","0.00"
"US1MAMD0044","MEDFORD 1.2 W, MA US","2017-08-23","0.27"
"US1MAMD0044","MEDFORD 1.2 W, MA US","2017-08-24","0.00"
"US1MAMD0044","MEDFORD 1.2 W, MA US","2017-08-25","0.00"
"US1MAMD0044","MEDFORD 1.2 W, MA US","2017-08-26","0.00"
"US1MAMD0044","MEDFORD 1.2 W, MA US","2017-08-27","0.00"
"US1MAMD0044","MEDFORD 1.2 W, MA US","2017-08-28","0.00"
"US1MAMD0044","MEDFORD 1.2 W, MA US","2017-08-29","0.00"
"US1MAMD0044","MEDFORD 1.2 W, MA US","2017-08-30","0.04"
"US1MAMD0044","MEDFORD 1.2 W, MA US","2017-08-31","0.01"
"US1MAMD0044","MEDFORD 1.2 W, MA US","2017-09-01","0.00"
"US1MAMD0044","MEDFORD 1.2 W, MA US","2017-09-02","0.00"
"US1MAMD0044","MEDFORD 1.2 W, MA US","2017-09-03","0.02"
"US1MAMD0044","MEDFORD 1.2 W, MA US","2017-09-04","0.31"
"US1MAMD0044","MEDFORD 1.2 W, MA US","2017-09-05","0.00"
"US1MAMD0044","MEDFORD 1.2 W, MA US","2017-09-06","0.00"
"US1MAMD0044","MEDFORD 1.2 W, MA US","2017-09-07","0.98"
"US1MAMD0044","MEDFORD 1.2 W, MA US","2017-09-08","0.00"
"US1MAMD0044","MEDFORD 1.2 W, MA US","2017-09-09","0.00"
"US1MAMD0044","MEDFORD 1.2 W, MA US","2017-09-10","0.04"
"US1MAMD0044","MEDFORD 1.2 W, MA US","2017-09-11","0.00"
"US1MAMD0044","MEDFORD 1.2 W, MA US","2017-09-12","0.00"
"US1MAMD0044","MEDFORD 1.2 W, MA US","2017-09-13","0.00"
"US1MAMD0044","MEDFORD 1.2 W, MA US","2017-09-14","0.01"
"US1MAMD0044","MEDFORD 1.2 W, MA US","2017-09-15","0.68"
"US1MAMD0044","MEDFORD 1.2 W, MA US","2017-09-16","0.24"
"US1MAMD0044","MEDFORD 1.2 W, MA US","2017-09-17","0.00"
"US1MAMD0044","MEDFORD 1.2 W, MA US","2017-09-18","0.00"
"US1MAMD0044","MEDFORD 1.2 W, MA US","2017-09-19","0.00"
"US1MAMD0044","MEDFORD 1.2 W, MA US","2017-09-20","0.14"
"US1MAMD0044","MEDFORD 1.2 W, MA US","2017-09-21","0.21"
"US1MAMD0044","MEDFORD 1.2 W, MA US","2017-09-22","0.01"
"US1MAMD0044","MEDFORD 1.2 W, MA US","2017-09-23","0.15"
"US1MAMD0044","MEDFORD 1.2 W, MA US","2017-09-24","0.00"
"US1MAMD0044","MEDFORD 1.2 W, MA US","2017-09-25","0.00"
"US1MAMD0044","MEDFORD 1.2 W, MA US","2017-09-26","0.00"
"US1MAMD0044","MEDFORD 1.2 W, MA US","2017-09-27","0.00"
"US1MAMD0044","MEDFORD 1.2 W, MA US","2017-09-28","0.00"
"US1MAMD0044","MEDFORD 1.2 W, MA US","2017-09-29","0.00"
"US1MAMD0044","MEDFORD 1.2 W, MA US","2017-09-30","0.00"
"US1MAMD0044","MEDFORD 1.2 W, MA US","2017-10-01","0.63"
"US1MAMD0044","MEDFORD 1.2 W, MA US","2017-10-02","0.00"
"US1MAMD0044","MEDFORD 1.2 W, MA US","2017-10-03","0.00"
"US1MAMD0044","MEDFORD 1.2 W, MA US","2017-10-04","0.00"
"US1MAMD0044","MEDFORD 1.2 W, MA US","2017-10-05","0.00"
"US1MAMD0044","MEDFORD 1.2 W, MA US","2017-10-06","0.00"
"US1MAMD0044","MEDFORD 1.2 W, MA US","2017-10-07","0.00"
"US1MAMD0044","MEDFORD 1.2 W, MA US","2017-10-08","0.00"
"US1MAMD0044","MEDFORD 1.2 W, MA US","2017-10-09","0.15"
"US1MAMD0044","MEDFORD 1.2 W, MA US","2017-10-10","0.38"
"US1MAMD0044","MEDFORD 1.2 W, MA US","2017-10-11","0.00"
"US1MAMD0044","MEDFORD 1.2 W, MA US","2017-10-12","0.02"
"US1MAMD0044","MEDFORD 1.2 W, MA US","2017-10-13","0.00"
"US1MAMD0044","MEDFORD 1.2 W, MA US","2017-10-14","0.00"
"US1MAMD0044","MEDFORD 1.2 W, MA US","2017-10-15","0.03"
"US1MAMD0044","MEDFORD 1.2 W, MA US","2017-10-16","0.00"
"US1MAMD0044","MEDFORD 1.2 W, MA US","2017-10-17","0.00"
"US1MAMD0044","MEDFORD 1.2 W, MA US","2017-10-18","0.00"
"US1MAMD0044","MEDFORD 1.2 W, MA US","2017-10-19","0.00"
"US1MAMD0044","MEDFORD 1.2 W, MA US","2017-10-20","0.00"
"US1MAMD0044","MEDFORD 1.2 W, MA US","2017-10-21","0.00"
"US1MAMD0044","MEDFORD 1.2 W, MA US","2017-10-22","0.00"
"US1MAMD0044","MEDFORD 1.2 W, MA US","2017-10-23","0.00"
"US1MAMD0044","MEDFORD 1.2 W, MA US","2017-10-24","0.00"
"US1MAMD0044","MEDFORD 1.2 W, MA US","2017-10-25","0.59"
"US1MAMD0044","MEDFORD 1.2 W, MA US","2017-10-26","0.60"
"US1MAMD0044","MEDFORD 1.2 W, MA US","2017-10-27","0.28"
"US1MAMD0044","MEDFORD 1.2 W, MA US","2017-10-28","0.00"
"US1MAMD0044","MEDFORD 1.2 W, MA US","2017-10-29","0.00"
"US1MAMD0044","MEDFORD 1.2 W, MA US","2017-10-30","3.36"
"US1MAMD0044","MEDFORD 1.2 W, MA US","2017-10-31","0.02"
"US1MAMD0044","MEDFORD 1.2 W, MA US","2017-11-01","0.00"
"US1MAMD0044","MEDFORD 1.2 W, MA US","2017-11-02","0.00"
"US1MAMD0044","MEDFORD 1.2 W, MA US","2017-11-03","0.00"
"US1MAMD0044","MEDFORD 1.2 W, MA US","2017-11-04","0.00"
"US1MAMD0044","MEDFORD 1.2 W, MA US","2017-11-05","0.00"
"US1MAMD0044","MEDFORD 1.2 W, MA US","2017-11-06","0.00"
"US1MAMD0044","MEDFORD 1.2 W, MA US","2017-11-07","0.07"
"US1MAMD0044","MEDFORD 1.2 W, MA US","2017-11-08","0.17"
"US1MAMD0044","MEDFORD 1.2 W, MA US","2017-11-09","0.00"
"US1MAMD0044","MEDFORD 1.2 W, MA US","2017-11-10","0.03"
"US1MAMD0044","MEDFORD 1.2 W, MA US","2017-11-11","0.00"
"US1MAMD0044","MEDFORD 1.2 W, MA US","2017-11-12","0.00"
"US1MAMD0044","MEDFORD 1.2 W, MA US","2017-11-13","0.00"
"US1MAMD0044","MEDFORD 1.2 W, MA US","2017-11-14","0.21"
"US1MAMD0044","MEDFORD 1.2 W, MA US","2017-11-15","0.00"
"US1MAMD0044","MEDFORD 1.2 W, MA US","2017-11-16","0.00"
"US1MAMD0044","MEDFORD 1.2 W, MA US","2017-11-17","0.22"
"US1MAMD0044","MEDFORD 1.2 W, MA US","2017-11-18","0.00"
"US1MAMD0044","MEDFORD 1.2 W, MA US","2017-11-19","0.11"
"US1MAMD0044","MEDFORD 1.2 W, MA US","2017-11-20","0.20"
"US1MAMD0044","MEDFORD 1.2 W, MA US","2017-11-21","0.00"
"US1MAMD0044","MEDFORD 1.2 W, MA US","2017-11-22","0.00"
"US1MAMD0044","MEDFORD 1.2 W, MA US","2017-11-23","0.78"
"US1MAMD0044","MEDFORD 1.2 W, MA US","2017-11-24","0.00"
"US1MAMD0044","MEDFORD 1.2 W, MA US","2017-11-25","0.00"
"US1MAMD0044","MEDFORD 1.2 W, MA US","2017-11-26","0.00"
"US1MAMD0044","MEDFORD 1.2 W, MA US","2017-11-27","0.00"
"US1MAMD0044","MEDFORD 1.2 W, MA US","2017-11-28","0.00"
"US1MAMD0044","MEDFORD 1.2 W, MA US","2017-11-29","0.00"
"US1MAMD0044","MEDFORD 1.2 W, MA US","2017-11-30","0.00"
"US1MAMD0044","MEDFORD 1.2 W, MA US","2017-12-01","0.04"
"US1MAMD0044","MEDFORD 1.2 W, MA US","2017-12-02","0.00"
"US1MAMD0044","MEDFORD 1.2 W, MA US","2017-12-03","0.00"
"US1MAMD0044","MEDFORD 1.2 W, MA US","2017-12-04","0.00"
"US1MAMD0044","MEDFORD 1.2 W, MA US","2017-12-05","0.00"
"US1MAMD0044","MEDFORD 1.2 W, MA US","2017-12-06","0.52"
"US1MAMD0044","MEDFORD 1.2 W, MA US","2017-12-07","0.00"
"US1MAMD0044","MEDFORD 1.2 W, MA US","2017-12-08","0.00"
"US1MAMD0044","MEDFORD 1.2 W, MA US","2017-12-09","0.00"
"US1MAMD0044","MEDFORD 1.2 W, MA US","2017-12-10","0.73"
"US1MAMD0044","MEDFORD 1.2 W, MA US","2017-12-11","0.00"
"US1MAMD0044","MEDFORD 1.2 W, MA US","2017-12-12","0.00"
"US1MAMD0044","MEDFORD 1.2 W, MA US","2017-12-13","0.05"
"US1MAMD0044","MEDFORD 1.2 W, MA US","2017-12-14","0.00"
"US1MAMD0044","MEDFORD 1.2 W, MA US","2017-12-15","0.00"
"US1MAMD0044","MEDFORD 1.2 W, MA US","2017-12-16","0.00"
"US1MAMD0044","MEDFORD 1.2 W, MA US","2017-12-17","0.00"
"US1MAMD0044","MEDFORD 1.2 W, MA US","2017-12-18","0.00"
"US1MAMD0044","MEDFORD 1.2 W, MA US","2017-12-19","0.01"
"US1MAMD0044","MEDFORD 1.2 W, MA US","2017-12-20","0.00"
"US1MAMD0044","MEDFORD 1.2 W, MA US","2017-12-21","0.00"
"US1MAMD0044","MEDFORD 1.2 W, MA US","2017-12-22","0.00"
"US1MAMD0044","MEDFORD 1.2 W, MA US","2017-12-23","0.15"
"US1MAMD0044","MEDFORD 1.2 W, MA US","2017-12-24","0.66"
"US1MAMD0044","MEDFORD 1.2 W, MA US","2017-12-25","0.14"
"US1MAMD0044","MEDFORD 1.2 W, MA US","2017-12-26","0.55"
"US1MAMD0044","MEDFORD 1.2 W, MA US","2017-12-27","0.00"
"US1MAMD0044","MEDFORD 1.2 W, MA US","2017-12-28","0.00"
"US1MAMD0044","MEDFORD 1.2 W, MA US","2017-12-29","0.00"
"US1MAMD0044","MEDFORD 1.2 W, MA US","2017-12-30","0.00"
"US1MAMD0044","MEDFORD 1.2 W, MA US","2018-01-03","0.00"
"US1MAMD0044","MEDFORD 1.2 W, MA US","2018-01-04","0.00"
"US1MAMD0044","MEDFORD 1.2 W, MA US","2018-01-05","1.11"
"US1MAMD0044","MEDFORD 1.2 W, MA US","2018-01-06","0.00"
"US1MAMD0044","MEDFORD 1.2 W, MA US","2018-01-07","0.00"
"US1MAMD0044","MEDFORD 1.2 W, MA US","2018-01-08","0.00"
"US1MAMD0044","MEDFORD 1.2 W, MA US","2018-01-09","0.00"
"US1MAMD0044","MEDFORD 1.2 W, MA US","2018-01-10","0.00"
"US1MAMD0044","MEDFORD 1.2 W, MA US","2018-01-11","0.00"
"US1MAMD0044","MEDFORD 1.2 W, MA US","2018-01-12","0.00"
"US1MAMD0044","MEDFORD 1.2 W, MA US","2018-01-13","0.98"
"US1MAMD0044","MEDFORD 1.2 W, MA US","2018-01-14","0.33"
"US1MAMD0044","MEDFORD 1.2 W, MA US","2018-01-15","0.00"
"US1MAMD0044","MEDFORD 1.2 W, MA US","2018-01-16","0.00"
"US1MAMD0044","MEDFORD 1.2 W, MA US","2018-01-17","0.00"
"US1MAMD0044","MEDFORD 1.2 W, MA US","2018-01-18","0.23"
"US1MAMD0044","MEDFORD 1.2 W, MA US","2018-01-19","0.00"
"US1MAMD0044","MEDFORD 1.2 W, MA US","2018-01-20","0.00"
"US1MAMD0044","MEDFORD 1.2 W, MA US","2018-01-21","0.00"
"US1MAMD0044","MEDFORD 1.2 W, MA US","2018-01-22","0.00"
"US1MAMD0044","MEDFORD 1.2 W, MA US","2018-01-23","0.11"
"US1MAMD0044","MEDFORD 1.2 W, MA US","2018-01-24","1.02"
"US1MAMD0044","MEDFORD 1.2 W, MA US","2018-01-25","0.00"
"US1MAMD0044","MEDFORD 1.2 W, MA US","2018-01-26","0.00"
"US1MAMD0044","MEDFORD 1.2 W, MA US","2018-01-27","0.00"
"US1MAMD0044","MEDFORD 1.2 W, MA US","2018-01-28","0.00"
"US1MAMD0044","MEDFORD 1.2 W, MA US","2018-01-29","0.00"
"US1MAMD0044","MEDFORD 1.2 W, MA US","2018-01-30","0.04"
"US1MAMD0044","MEDFORD 1.2 W, MA US","2018-01-31","0.07"
"US1MAMD0044","MEDFORD 1.2 W, MA US","2018-02-01","0.00"
"US1MAMD0044","MEDFORD 1.2 W, MA US","2018-02-02","0.20"
"US1MAMD0044","MEDFORD 1.2 W, MA US","2018-02-03","0.03"
"US1MAMD0044","MEDFORD 1.2 W, MA US","2018-02-04","0.00"
"US1MAMD0044","MEDFORD 1.2 W, MA US","2018-02-05","0.49"
"US1MAMD0044","MEDFORD 1.2 W, MA US","2018-02-06","0.00"
"US1MAMD0044","MEDFORD 1.2 W, MA US","2018-02-07","0.00"
"US1MAMD0044","MEDFORD 1.2 W, MA US","2018-02-08","0.77"
"US1MAMD0044","MEDFORD 1.2 W, MA US","2018-02-09","0.00"
"US1MAMD0044","MEDFORD 1.2 W, MA US","2018-02-10","0.00"
"US1MAMD0044","MEDFORD 1.2 W, MA US","2018-02-11","0.32"
"US1MAMD0044","MEDFORD 1.2 W, MA US","2018-02-12","0.63"
"US1MAMD0044","MEDFORD 1.2 W, MA US","2018-02-13","0.00"
"US1MAMD0044","MEDFORD 1.2 W, MA US","2018-02-14","0.00"
"US1MAMD0044","MEDFORD 1.2 W, MA US","2018-02-15","0.00"
"US1MAMD0044","MEDFORD 1.2 W, MA US","2018-02-16","0.00"
"US1MAMD0044","MEDFORD 1.2 W, MA US","2018-02-17","0.02"
"US1MAMD0044","MEDFORD 1.2 W, MA US","2018-02-18","0.52"
"US1MAMD0044","MEDFORD 1.2 W, MA US","2018-02-19","0.04"
"US1MAMD0044","MEDFORD 1.2 W, MA US","2018-02-20","0.04"
"US1MAMD0044","MEDFORD 1.2 W, MA US","2018-02-21","0.00"
"US1MAMD0044","MEDFORD 1.2 W, MA US","2018-02-22","0.00"
"US1MAMD0044","MEDFORD 1.2 W, MA US","2018-02-23","0.08"
"US1MAMD0044","MEDFORD 1.2 W, MA US","2018-02-24","0.12"
"US1MAMD0044","MEDFORD 1.2 W, MA US","2018-02-25","0.00"
"US1MAMD0044","MEDFORD 1.2 W, MA US","2018-02-26","0.53"
"US1MAMD0044","MEDFORD 1.2 W, MA US","2018-02-27","0.00"
"US1MAMD0044","MEDFORD 1.2 W, MA US","2018-02-28","0.00"
"US1MAMD0044","MEDFORD 1.2 W, MA US","2018-03-01","0.00"
"US1MAMD0044","MEDFORD 1.2 W, MA US","2018-03-02","0.16"
"US1MAMD0044","MEDFORD 1.2 W, MA US","2018-03-03","2.12"
"US1MAMD0044","MEDFORD 1.2 W, MA US","2018-03-04","0.00"
"US1MAMD0044","MEDFORD 1.2 W, MA US","2018-03-05","0.07"
"US1MAMD0044","MEDFORD 1.2 W, MA US","2018-03-06","0.00"
"US1MAMD0044","MEDFORD 1.2 W, MA US","2018-03-07","0.02"
"US1MAMD0044","MEDFORD 1.2 W, MA US","2018-03-08","1.41"
